<?xml version="1.0" encoding="UTF-8"?>
<config xmlns="http://www.knime.org/2008/09/XMLConfig" xmlns:xsi="http://www.w3.org/2001/XMLSchema-instance" xsi:schemaLocation="http://www.knime.org/2008/09/XMLConfig http://www.knime.org/XMLConfig_2008_09.xsd" key="db_session">
    <config key="Session Info">
        <entry key="version" type="xint" value="4"/>
        <entry key="sessionID" type="xstring" value="a067cb6c-51f7-43ad-87f2-55bd88762675"/>
        <entry key="dbTypeId" type="xstring" value="mysql"/>
        <entry key="dialectId" type="xstring" value="mysql"/>
        <entry key="dbURL" type="xstring" value="jdbc:mysql://127.0.0.1:3306/knime"/>
        <entry key="authenticationType" type="xstring" value="USER_PWD"/>
        <entry key="dbUser" type="xstring" value="Admin"/>
        <entry key="dbPassword" type="xpassword" value="02BAAAAGMq_QxveL1vZ0EBjxrKoQ4H5JLE"/>
        <entry key="host" type="xstring" value="127.0.0.1"/>
    </config>
    <config key="Driver Definition">
        <entry key="driverId" type="xstring" value="built-in-mysql-8.0.29"/>
        <entry key="driverName" type="xstring" value="Driver for MySQL v. 8.0.29"/>
        <entry key="driverVersion" type="xstring" value="8.0.0"/>
        <entry key="driverClass" type="xstring" value="com.mysql.cj.jdbc.Driver"/>
        <entry key="driverDescription" type="xstring" value=""/>
        <entry key="driverOrigin" type="xstring" value="EXTENSION"/>
    </config>
    <config key="Attributes"/>
</config>
